ReportID,location_lat,location_lng,timestamp,type
TestReport1,16.671506,95.204763,2025-08-07 16:05:09,safe
TestReport2,19.126479,86.239399,2025-08-20 21:05:14,incident
TestReport3,16.273753,68.544168,2025-08-05 18:26:18,safe
TestReport4,17.281482,93.756969,2025-08-18 11:40:40,incident
TestReport5,17.030304,79.193103,2025-08-25 02:35:24,unlit
TestReport6,10.87126,83.587243,2025-08-29 23:07:27,incident
TestReport7,26.149714,76.522341,2025-07-16 16:18:08,unlit
TestReport8,35.005056,95.517124,2025-08-15 02:35:15,crowded
TestReport9,30.784236,72.088342,2025-08-13 02:33:53,safe
TestReport10,10.198228,89.492994,2025-07-25 14:06:35,incident
TestReport11,22.26341,71.951983,2025-08-24 12:51:34,crowded
TestReport12,14.904743,88.473078,2025-08-28 21:42:11,incident
TestReport13,20.764325,92.655239,2025-08-12 00:11:22,unlit
TestReport14,15.640952,79.805278,2025-08-14 09:17:32,incident
TestReport15,25.528075,80.341711,2025-08-02 23:05:51,crowded
TestReport16,10.084802,84.293525,2025-07-04 21:37:46,crowded
TestReport17,35.339303,69.007026,2025-07-21 05:22:25,incident
TestReport18,16.576458,72.677434,2025-07-10 02:45:19,unlit
TestReport19,32.413171,83.01298,2025-08-04 12:06:24,incident
TestReport20,34.168106,89.649336,2025-07-11 20:10:31,unlit
TestReport21,23.827783,96.653213,2025-09-01 13:37:13,incident
TestReport22,11.241829,77.850912,2025-07-28 21:58:24,incident
TestReport23,34.088322,95.220179,2025-08-10 17:58:28,crowded
TestReport24,20.195831,90.327474,2025-08-22 16:18:45,incident
TestReport25,25.806849,79.059054,2025-08-29 03:12:24,safe
TestReport26,35.880967,87.844472,2025-08-27 07:58:19,safe
TestReport27,14.400811,87.127118,2025-08-13 07:21:51,incident
TestReport28,19.488301,74.632094,2025-08-03 12:23:43,crowded
TestReport29,20.319766,90.966509,2025-08-01 18:12:59,safe
TestReport30,10.678685,96.54128,2025-08-30 09:23:30,unlit
TestReport31,25.181753,89.799221,2025-07-20 01:40:17,unlit
TestReport32,36.201445,84.894944,2025-08-05 13:38:56,safe
TestReport33,23.28522,80.347146,2025-07-17 15:47:11,unlit
TestReport34,24.112224,81.588605,2025-07-20 18:30:32,unlit
TestReport35,21.64314,86.803782,2025-08-20 17:52:12,safe
TestReport36,20.464254,92.367237,2025-09-01 10:23:48,unlit
TestReport37,18.16024,90.613974,2025-08-25 17:49:27,incident
TestReport38,32.32172,90.658579,2025-07-10 17:22:20,crowded
TestReport39,11.029704,93.22392,2025-07-26 06:05:46,unlit
TestReport40,13.917621,70.314839,2025-08-13 02:08:56,unlit
TestReport41,35.168414,70.368026,2025-08-26 23:52:33,unlit
TestReport42,16.960883,95.505755,2025-08-13 08:56:20,safe
TestReport43,11.413035,88.884938,2025-07-10 15:16:57,incident
TestReport44,12.075231,79.977675,2025-07-12 00:14:37,crowded
TestReport45,33.947418,75.749006,2025-07-20 09:56:15,unlit
TestReport46,32.011336,80.045234,2025-07-30 15:57:10,crowded
TestReport47,29.465042,68.343505,2025-08-13 22:24:55,unlit
TestReport48,28.525056,79.197839,2025-07-17 00:19:39,crowded
TestReport49,17.019399,77.815034,2025-08-11 13:11:49,safe
TestReport50,23.008092,78.612512,2025-08-12 12:09:13,incident
TestReport51,29.318321,73.372511,2025-07-17 00:27:35,safe
TestReport52,8.06915,86.790654,2025-07-11 07:39:02,unlit
TestReport53,34.286132,74.021685,2025-08-09 03:27:53,incident
TestReport54,36.402368,95.824259,2025-08-12 13:01:01,incident
TestReport55,16.584853,78.072491,2025-08-08 11:59:50,safe
TestReport56,25.611334,89.333641,2025-07-09 12:09:50,unlit
TestReport57,22.837511,91.172965,2025-08-13 12:20:12,safe
TestReport58,23.047362,89.221905,2025-08-18 17:03:44,safe
TestReport59,33.884606,72.075174,2025-07-26 10:11:38,incident
TestReport60,21.201018,80.23601,2025-08-28 04:00:52,crowded
TestReport61,21.120274,82.449143,2025-07-22 05:24:53,incident
TestReport62,21.102533,85.858191,2025-07-06 05:13:59,incident
TestReport63,25.947869,77.367804,2025-07-06 14:59:03,crowded
TestReport64,15.26925,73.934425,2025-07-30 21:04:23,unlit
TestReport65,31.661317,75.205707,2025-07-28 08:13:58,incident
TestReport66,29.223835,84.52019,2025-07-10 15:44:19,safe
TestReport67,25.763543,85.050337,2025-08-31 03:29:08,safe
TestReport68,21.600116,69.08902,2025-08-26 20:20:05,safe
TestReport69,25.971981,92.808465,2025-07-31 03:09:23,crowded
TestReport70,21.721521,96.095297,2025-08-25 11:02:58,safe
TestReport71,35.906454,69.88192,2025-07-05 04:09:20,unlit
TestReport72,12.523613,79.412985,2025-07-23 11:04:31,safe
TestReport73,22.133534,75.498084,2025-08-27 16:45:40,unlit
TestReport74,31.425971,83.066137,2025-07-13 18:24:00,crowded
TestReport75,11.130545,91.302856,2025-08-18 09:30:52,incident
TestReport76,34.671339,73.617665,2025-07-05 14:59:36,unlit
TestReport77,32.748094,72.781527,2025-07-05 09:24:25,incident
TestReport78,30.810493,80.767978,2025-07-16 11:47:11,incident
TestReport79,13.103752,76.232331,2025-07-10 12:39:13,incident
TestReport80,27.733637,92.868564,2025-08-12 09:57:08,incident
TestReport81,16.314589,90.841711,2025-08-21 02:51:37,safe
TestReport82,15.239336,81.633058,2025-08-30 13:29:20,unlit
TestReport83,25.194491,72.956697,2025-07-12 20:36:05,crowded
TestReport84,8.862649,77.08761,2025-08-21 05:41:19,crowded
TestReport85,28.939424,84.761249,2025-08-20 02:13:45,unlit
TestReport86,29.244375,92.041433,2025-07-22 10:12:41,safe
TestReport87,22.833595,81.511992,2025-08-17 17:43:01,unlit
TestReport88,27.955113,76.110064,2025-08-26 12:41:47,unlit
TestReport89,19.932198,78.929342,2025-08-08 21:46:43,crowded
TestReport90,36.399683,69.524045,2025-07-06 03:11:18,crowded
TestReport91,9.125846,96.369006,2025-07-19 06:51:21,safe
TestReport92,11.56718,78.045199,2025-08-17 04:34:37,crowded
TestReport93,20.511099,92.047129,2025-07-30 20:14:07,crowded
TestReport94,13.100622,73.13571,2025-07-26 19:54:47,safe
TestReport95,27.863467,77.268233,2025-07-14 06:30:20,incident
TestReport96,12.429329,71.63228,2025-08-28 04:18:49,crowded
TestReport97,20.102767,86.464058,2025-08-24 07:18:49,crowded
TestReport98,23.520816,80.141952,2025-08-27 04:29:56,incident
TestReport99,10.039128,81.150292,2025-08-25 04:33:53,incident
TestReport100,30.63195,82.741413,2025-07-31 21:34:43,unlit
TestReport101,32.997706,79.724709,2025-08-13 20:25:59,incident
TestReport102,34.090738,85.827802,2025-07-07 00:32:44,crowded
TestReport103,17.655328,80.951159,2025-08-20 13:15:20,safe
TestReport104,34.084523,74.56891,2025-07-19 01:20:29,crowded
TestReport105,14.480982,89.538836,2025-08-18 19:03:18,unlit
TestReport106,27.492177,95.911155,2025-07-24 08:05:39,crowded
TestReport107,36.715158,88.392273,2025-08-10 02:38:28,incident
TestReport108,20.196543,72.738246,2025-08-24 13:06:56,unlit
TestReport109,35.856386,80.225662,2025-07-25 11:31:53,crowded
TestReport110,32.508828,68.15307,2025-07-18 01:04:07,incident
TestReport111,25.863355,96.216323,2025-08-25 07:36:56,crowded
TestReport112,34.961162,68.405065,2025-08-29 09:51:48,safe
TestReport113,19.919644,74.060949,2025-08-03 14:34:42,crowded
TestReport114,10.510443,82.703863,2025-07-26 18:46:21,unlit
TestReport115,18.115207,96.130434,2025-07-10 22:18:57,crowded
TestReport116,16.962462,76.420589,2025-08-31 14:57:47,safe
TestReport117,11.915589,89.77064,2025-08-14 06:06:40,unlit
TestReport118,18.826235,82.573997,2025-08-02 21:27:28,crowded
TestReport119,21.782509,75.719538,2025-07-14 13:14:24,safe
TestReport120,10.028087,82.055297,2025-07-08 09:12:16,incident
TestReport121,25.40044,73.357219,2025-08-31 03:30:30,unlit
TestReport122,29.63537,94.548887,2025-08-24 10:52:25,unlit
TestReport123,11.83247,83.547945,2025-08-04 10:08:59,unlit
TestReport124,11.062054,94.087985,2025-08-20 09:43:58,unlit
TestReport125,33.475575,87.609637,2025-08-12 21:51:58,unlit
TestReport126,36.141754,81.379296,2025-07-25 11:08:36,incident
TestReport127,8.866632,81.614636,2025-07-16 04:40:10,safe
TestReport128,29.194319,85.075229,2025-07-11 10:00:51,safe
TestReport129,27.166229,83.351308,2025-07-17 22:45:53,unlit
TestReport130,28.91759,82.878309,2025-07-29 05:59:54,incident
TestReport131,27.037891,82.902192,2025-08-31 12:26:53,safe
TestReport132,25.580938,85.089884,2025-07-20 05:26:09,unlit
TestReport133,24.510049,69.003471,2025-07-11 19:17:18,incident
TestReport134,28.318201,83.106969,2025-08-07 09:14:00,crowded
TestReport135,10.414254,87.363229,2025-07-30 04:56:01,crowded
TestReport136,19.652653,80.910713,2025-08-21 02:19:20,incident
TestReport137,24.907834,93.477019,2025-08-19 04:23:56,crowded
TestReport138,11.791311,85.354893,2025-08-17 22:49:20,unlit
TestReport139,36.222819,81.414378,2025-07-10 18:50:02,unlit
TestReport140,29.275203,80.132977,2025-08-05 17:19:43,unlit
TestReport141,36.016209,93.736084,2025-07-09 16:15:28,safe
TestReport142,30.840959,95.257019,2025-08-27 05:42:49,safe
TestReport143,30.808768,90.697524,2025-08-08 16:10:12,incident
TestReport144,13.914104,73.55087,2025-08-26 19:52:06,unlit
TestReport145,31.396149,91.332629,2025-07-20 03:09:23,crowded
TestReport146,35.87929,96.158184,2025-07-05 14:53:57,crowded
TestReport147,20.960573,91.001581,2025-07-16 15:08:27,unlit
TestReport148,21.732632,72.832725,2025-08-10 08:58:55,unlit
TestReport149,11.242627,92.201153,2025-08-31 03:27:40,safe
TestReport150,13.893135,68.542679,2025-08-17 11:44:39,incident
TestReport151,27.132146,69.835709,2025-08-06 22:14:45,crowded
TestReport152,32.50617,91.401631,2025-08-26 04:10:58,unlit
TestReport153,10.448345,68.439689,2025-07-30 21:21:36,crowded
TestReport154,34.83206,69.44149,2025-08-13 20:35:36,unlit
TestReport155,12.197209,76.909197,2025-07-13 01:26:25,crowded
TestReport156,16.093192,77.548043,2025-08-03 04:20:10,crowded
TestReport157,29.598369,90.092507,2025-07-14 12:48:28,incident
TestReport158,9.092768,90.147498,2025-07-17 18:20:36,crowded
TestReport159,17.354225,88.52,2025-08-15 16:49:52,crowded
TestReport160,32.454738,80.212103,2025-07-28 10:52:56,crowded
TestReport161,29.032686,96.97394,2025-08-23 16:40:35,crowded
TestReport162,22.756851,80.772803,2025-07-09 11:56:18,incident
TestReport163,9.099704,89.279131,2025-08-23 23:34:50,incident
TestReport164,22.67473,78.450126,2025-08-14 09:52:41,safe
TestReport165,11.018019,94.782275,2025-08-04 04:47:35,incident
TestReport166,35.182271,82.606,2025-08-13 23:41:26,incident
TestReport167,31.722307,90.667314,2025-08-06 18:42:25,safe
TestReport168,15.723719,81.414058,2025-08-24 18:15:55,unlit
TestReport169,10.045692,91.527392,2025-07-08 13:30:31,safe
TestReport170,21.904712,73.209914,2025-07-13 06:29:11,safe
TestReport171,30.921523,69.082431,2025-07-27 18:39:56,incident
TestReport172,17.330527,70.259406,2025-08-15 18:12:52,unlit
TestReport173,9.885051,77.054893,2025-08-10 05:56:41,safe
TestReport174,23.693772,83.031492,2025-07-12 19:18:15,unlit
TestReport175,14.446912,89.170098,2025-08-15 16:43:21,unlit
TestReport176,32.151103,85.793921,2025-08-28 02:11:46,crowded
TestReport177,19.563004,68.61964,2025-07-24 11:53:16,crowded
TestReport178,19.007068,74.052532,2025-08-07 13:10:19,unlit
TestReport179,33.993269,95.188908,2025-09-01 01:13:43,safe
TestReport180,36.182104,75.013955,2025-07-25 04:30:33,unlit
TestReport181,29.105115,75.211452,2025-07-05 13:57:28,crowded
TestReport182,20.438029,70.5316,2025-08-18 17:43:13,crowded
TestReport183,13.388458,95.140972,2025-07-19 15:03:30,unlit
TestReport184,36.752614,82.747135,2025-07-17 08:33:04,incident
TestReport185,26.666001,83.667,2025-07-04 16:41:54,unlit
TestReport186,36.324771,96.030401,2025-08-24 08:15:28,safe
TestReport187,21.441296,96.031291,2025-08-25 03:24:31,unlit
TestReport188,31.701105,69.479879,2025-09-01 01:53:05,unlit
TestReport189,29.646415,89.216698,2025-07-04 08:49:18,safe
TestReport190,22.786279,75.427531,2025-07-06 03:39:34,incident
TestReport191,36.962694,91.880719,2025-08-16 01:06:52,safe
TestReport192,13.08547,83.703981,2025-07-31 12:39:25,unlit
TestReport193,14.705529,81.394192,2025-08-19 13:53:18,safe
TestReport194,10.179502,92.85115,2025-08-22 16:45:42,unlit
TestReport195,31.470212,83.485176,2025-08-09 19:03:38,unlit
TestReport196,13.932069,82.549452,2025-07-17 15:22:25,safe
TestReport197,22.77522,95.658962,2025-07-21 06:07:36,crowded
TestReport198,31.746588,87.205936,2025-08-05 08:13:31,unlit
TestReport199,27.656734,74.980198,2025-07-17 03:33:14,safe
TestReport200,36.437124,81.263365,2025-09-02 04:29:45,safe
TestReport201,10.059716,88.354786,2025-08-10 21:37:27,incident
TestReport202,31.467459,71.485264,2025-08-30 08:17:13,unlit
TestReport203,32.236934,86.934786,2025-08-31 09:38:24,unlit
TestReport204,19.066511,84.516953,2025-08-11 11:05:57,safe
TestReport205,35.957817,69.471806,2025-07-06 10:32:39,unlit
TestReport206,11.883952,71.161275,2025-08-20 09:35:03,incident
TestReport207,29.493125,71.977292,2025-07-18 16:30:50,incident
TestReport208,8.242876,89.762661,2025-07-29 10:48:34,incident
TestReport209,8.321293,72.557476,2025-07-11 22:16:09,safe
TestReport210,36.040701,83.943346,2025-07-12 21:23:28,crowded
TestReport211,19.961163,86.318763,2025-07-28 15:33:58,incident
TestReport212,24.012073,81.994714,2025-08-03 14:36:03,safe
TestReport213,24.476709,72.03789,2025-08-29 21:45:04,incident
TestReport214,27.032011,90.243398,2025-08-30 21:59:31,incident
TestReport215,25.743044,74.02924,2025-07-26 21:40:10,unlit
TestReport216,30.81791,93.219807,2025-08-06 10:08:35,unlit
TestReport217,29.511345,95.803526,2025-07-04 15:15:05,unlit
TestReport218,9.988057,78.084039,2025-08-31 17:58:19,unlit
TestReport219,11.952312,73.103949,2025-08-02 19:57:48,unlit
TestReport220,26.169634,68.342314,2025-07-15 08:48:46,unlit
TestReport221,8.237687,74.122674,2025-07-09 14:54:48,crowded
TestReport222,22.038191,71.65138,2025-08-28 18:28:05,crowded
TestReport223,14.276908,93.051877,2025-08-27 06:05:01,unlit
TestReport224,15.535668,69.401341,2025-08-14 19:25:56,safe
TestReport225,28.371142,81.586168,2025-07-13 22:58:17,crowded
TestReport226,15.526117,76.409042,2025-07-21 10:57:48,unlit
TestReport227,24.484254,81.800072,2025-07-10 16:58:26,crowded
TestReport228,14.265237,88.26909,2025-08-24 12:12:33,safe
TestReport229,19.919661,70.988015,2025-07-07 08:31:20,crowded
TestReport230,23.628022,78.812691,2025-08-18 23:37:39,crowded
TestReport231,34.370681,82.348153,2025-08-14 19:50:41,crowded
TestReport232,31.932695,68.453967,2025-08-12 17:01:51,crowded
TestReport233,11.39086,95.133131,2025-08-15 00:33:29,incident
TestReport234,12.54137,94.394873,2025-07-05 11:21:03,incident
TestReport235,29.585873,88.995736,2025-08-28 18:49:08,incident
TestReport236,23.345541,69.878852,2025-07-11 10:46:04,unlit
TestReport237,14.204028,85.654946,2025-08-04 10:29:28,safe
TestReport238,8.268422,75.894008,2025-07-06 15:38:30,unlit
TestReport239,18.650666,94.294681,2025-08-29 08:49:14,unlit
TestReport240,23.287819,86.005353,2025-08-31 15:29:55,unlit
TestReport241,30.491879,83.815064,2025-07-19 18:07:50,crowded
TestReport242,9.118204,94.043598,2025-07-09 01:45:07,unlit
TestReport243,35.831096,83.903712,2025-08-06 18:31:22,unlit
TestReport244,19.389024,89.892947,2025-07-06 23:06:31,crowded
TestReport245,34.351204,77.310859,2025-08-13 21:34:31,crowded
TestReport246,29.474936,76.245383,2025-08-21 02:38:39,incident
TestReport247,11.613835,79.403892,2025-07-07 09:27:08,unlit
TestReport248,11.896695,70.855939,2025-09-01 10:40:43,unlit
TestReport249,21.445325,89.456747,2025-07-07 11:23:27,safe
TestReport250,27.102822,89.194978,2025-07-22 11:54:33,safe
TestReport251,17.834993,80.582254,2025-07-29 01:19:27,crowded
TestReport252,16.868127,76.466738,2025-07-07 09:00:50,incident
TestReport253,17.08186,74.291453,2025-08-03 12:03:28,unlit
TestReport254,12.329748,94.012434,2025-08-23 02:31:33,crowded
TestReport255,12.997571,94.277518,2025-07-07 21:58:10,incident
TestReport256,8.448796,68.502441,2025-07-29 22:50:01,crowded
TestReport257,23.965515,78.058737,2025-07-07 22:29:59,incident
TestReport258,11.597311,77.486753,2025-08-05 16:13:06,incident
TestReport259,10.513127,72.962666,2025-08-16 10:30:09,crowded
TestReport260,25.729007,78.971938,2025-08-01 08:37:23,unlit
TestReport261,17.493886,90.244433,2025-08-27 20:51:43,crowded
TestReport262,35.074673,71.502501,2025-08-15 00:03:38,unlit
TestReport263,16.206565,86.292542,2025-08-11 02:50:05,unlit
TestReport264,28.963963,83.844653,2025-07-25 02:31:35,safe
TestReport265,11.792893,74.753709,2025-07-26 17:03:33,crowded
TestReport266,32.576382,92.239291,2025-07-05 02:34:16,unlit
TestReport267,27.424114,95.590483,2025-07-19 10:00:32,unlit
TestReport268,27.613828,89.054295,2025-08-07 01:01:00,safe
TestReport269,32.135205,69.112726,2025-08-06 11:10:30,crowded
TestReport270,32.122439,74.460548,2025-08-31 00:59:54,unlit
TestReport271,9.839061,87.909864,2025-07-18 04:01:11,unlit
TestReport272,26.844056,75.704498,2025-07-07 02:45:26,crowded
TestReport273,30.850598,86.394905,2025-08-25 01:10:42,crowded
TestReport274,14.395638,82.8799,2025-07-09 17:05:09,safe
TestReport275,10.28669,91.880873,2025-08-05 16:44:23,incident
TestReport276,15.056803,70.760383,2025-09-01 08:30:33,crowded
TestReport277,34.470958,95.80599,2025-08-26 15:20:08,incident
TestReport278,34.188747,95.195249,2025-07-24 23:29:20,crowded
TestReport279,32.553127,79.318564,2025-08-27 21:19:18,safe
TestReport280,30.510898,84.906343,2025-09-01 10:26:45,unlit
TestReport281,12.079162,72.508143,2025-08-17 15:03:45,safe
TestReport282,31.010049,88.111725,2025-08-09 21:14:25,safe
TestReport283,16.411586,74.516068,2025-07-31 16:01:06,unlit
TestReport284,32.422501,94.62206,2025-08-04 07:01:44,incident
TestReport285,21.579754,79.147549,2025-08-09 04:40:37,incident
TestReport286,18.949225,68.227124,2025-07-24 10:28:59,safe
TestReport287,36.368214,87.57766,2025-07-10 05:21:08,safe
TestReport288,34.665189,86.369691,2025-08-18 20:35:11,incident
TestReport289,25.744384,93.004277,2025-07-09 02:33:18,unlit
TestReport290,17.112745,74.50797,2025-08-12 10:57:20,unlit
TestReport291,26.703203,96.523559,2025-08-02 07:09:22,unlit
TestReport292,36.855461,80.885748,2025-08-09 23:25:36,crowded
TestReport293,35.429839,81.581278,2025-08-06 23:26:00,incident
TestReport294,10.630066,80.198114,2025-07-06 09:27:01,incident
TestReport295,9.153173,73.91647,2025-07-15 00:10:11,safe
TestReport296,18.795682,91.754531,2025-07-23 12:46:14,unlit
TestReport297,33.701451,77.616402,2025-07-11 19:40:54,crowded
TestReport298,26.894299,78.122875,2025-08-09 03:39:20,safe
TestReport299,10.929667,83.459951,2025-08-24 07:24:26,safe
TestReport300,22.725796,79.846836,2025-08-04 16:40:44,crowded
TestReport301,35.955457,68.75711,2025-07-20 13:44:54,unlit
TestReport302,16.133366,93.280041,2025-08-03 17:59:05,incident
TestReport303,28.658227,78.446479,2025-08-10 04:51:38,safe
TestReport304,32.447322,91.458498,2025-07-18 19:21:31,incident
TestReport305,24.944637,90.305377,2025-07-15 05:45:01,incident
TestReport306,12.615865,93.377443,2025-08-20 11:20:33,crowded
TestReport307,11.141823,88.57838,2025-09-02 01:41:32,safe
TestReport308,30.746064,94.549601,2025-08-22 20:52:16,crowded
TestReport309,31.206117,80.261991,2025-08-13 13:53:21,unlit
TestReport310,16.524787,71.401629,2025-08-16 16:14:41,unlit
TestReport311,26.230423,95.680398,2025-07-05 13:42:16,unlit
TestReport312,15.092403,89.798667,2025-07-20 23:26:05,crowded
TestReport313,21.579742,80.137564,2025-08-18 01:17:16,crowded
TestReport314,15.38358,91.116084,2025-08-30 17:10:39,safe
TestReport315,16.523285,87.185721,2025-07-24 05:21:34,unlit
TestReport316,10.88776,72.158804,2025-08-29 00:42:40,incident
TestReport317,17.319382,92.886919,2025-07-27 02:17:27,safe
TestReport318,28.255946,73.988073,2025-08-14 15:12:14,unlit
TestReport319,36.595463,85.755468,2025-08-29 09:16:55,unlit
TestReport320,10.54741,88.32952,2025-07-19 17:52:14,unlit
TestReport321,8.759369,86.458036,2025-07-04 11:54:32,unlit
TestReport322,16.331223,90.363664,2025-07-12 17:30:30,crowded
TestReport323,26.782794,84.731302,2025-09-01 18:01:51,unlit
TestReport324,16.249597,81.34984,2025-07-11 18:33:41,crowded
TestReport325,25.215442,88.260024,2025-08-29 20:28:57,incident
TestReport326,12.430584,91.148815,2025-07-09 23:00:22,crowded
TestReport327,29.812779,85.627095,2025-07-25 21:23:02,unlit
TestReport328,10.825808,75.525756,2025-08-08 03:02:47,incident
TestReport329,10.054385,76.415149,2025-07-28 07:47:07,safe
TestReport330,28.736497,88.333866,2025-07-31 01:53:04,unlit
TestReport331,22.141995,69.962217,2025-07-06 11:38:10,crowded
TestReport332,21.093691,88.29627,2025-08-23 23:47:53,crowded
TestReport333,11.066145,87.976145,2025-08-01 19:24:39,unlit
TestReport334,10.377781,89.181619,2025-07-06 21:22:48,crowded
TestReport335,20.466231,89.044822,2025-07-06 00:43:58,incident
TestReport336,31.991271,85.120561,2025-07-29 23:58:39,safe
TestReport337,15.064347,94.219196,2025-08-25 17:33:06,crowded
TestReport338,26.557722,80.708686,2025-08-16 14:49:06,crowded
TestReport339,31.893276,79.816191,2025-08-01 15:40:32,incident
TestReport340,34.223524,88.450765,2025-09-01 05:28:12,unlit
TestReport341,20.542824,79.382261,2025-07-30 18:03:01,safe
TestReport342,10.81572,76.945402,2025-08-11 02:50:30,unlit
TestReport343,36.096175,71.845698,2025-07-09 18:10:41,incident
TestReport344,34.752993,82.653601,2025-07-10 04:28:22,incident
TestReport345,36.894448,78.318603,2025-08-29 05:05:28,safe
TestReport346,16.037962,68.122079,2025-08-28 20:36:32,crowded
TestReport347,12.59557,89.001438,2025-08-19 04:25:42,safe
TestReport348,28.561094,80.531718,2025-08-07 02:13:37,safe
TestReport349,21.091317,87.51603,2025-07-31 04:14:17,unlit
TestReport350,24.979189,70.43941,2025-08-08 09:56:40,crowded
TestReport351,27.792733,88.714059,2025-08-01 12:59:20,incident
TestReport352,31.223209,81.083803,2025-08-12 17:01:04,crowded
TestReport353,12.03837,72.493884,2025-08-17 19:38:31,safe
TestReport354,35.925619,76.280136,2025-08-23 04:39:54,incident
TestReport355,30.618204,77.470879,2025-07-13 17:20:08,unlit
TestReport356,17.414856,81.630769,2025-07-23 13:02:30,crowded
TestReport357,9.356032,88.724875,2025-08-09 08:20:51,unlit
TestReport358,27.880794,85.723029,2025-07-31 02:29:37,incident
TestReport359,14.745753,86.229663,2025-07-16 10:16:34,safe
TestReport360,12.054972,91.394574,2025-08-04 08:31:02,crowded
TestReport361,19.645209,82.60387,2025-07-23 09:52:39,crowded
TestReport362,36.731974,80.493937,2025-08-13 05:50:01,unlit
TestReport363,32.304292,78.31813,2025-08-28 16:15:52,unlit
TestReport364,10.859676,92.838175,2025-08-21 04:37:40,crowded
TestReport365,12.523534,73.139496,2025-08-18 01:36:29,unlit
TestReport366,36.164657,77.361893,2025-07-15 12:16:36,safe
TestReport367,30.59538,86.788059,2025-07-08 02:29:18,crowded
TestReport368,9.84212,75.863804,2025-08-16 21:23:46,crowded
TestReport369,10.219932,86.898789,2025-07-25 14:49:42,incident
TestReport370,33.316936,94.192237,2025-07-04 15:47:24,incident
TestReport371,35.89058,80.194839,2025-08-23 09:39:06,unlit
TestReport372,23.942145,93.036394,2025-08-17 05:45:18,unlit
TestReport373,32.653905,82.619352,2025-07-20 01:54:51,crowded
TestReport374,26.527712,75.102521,2025-07-29 22:42:48,unlit
TestReport375,27.557455,93.268478,2025-07-07 01:55:34,incident
TestReport376,25.556602,86.759028,2025-08-27 15:25:26,unlit
TestReport377,36.358737,91.615534,2025-08-25 06:46:57,incident
TestReport378,25.173015,76.668757,2025-08-12 10:40:05,incident
TestReport379,35.416588,90.957601,2025-08-02 16:41:38,unlit
TestReport380,13.277253,77.885396,2025-07-21 02:19:34,crowded
TestReport381,9.294034,86.839716,2025-07-24 12:06:11,unlit
TestReport382,21.061469,85.371628,2025-08-03 19:05:58,unlit
TestReport383,15.588859,75.455775,2025-08-08 18:38:58,incident
TestReport384,16.521755,92.774604,2025-08-21 04:35:25,incident
TestReport385,30.795918,74.663174,2025-07-31 05:22:41,safe
TestReport386,20.914589,81.460876,2025-07-17 10:35:11,crowded
TestReport387,31.065074,85.656707,2025-08-22 23:16:20,safe
TestReport388,30.326106,78.904581,2025-08-18 17:05:52,incident
TestReport389,19.764394,68.920874,2025-07-20 06:37:00,incident
TestReport390,14.562393,69.643636,2025-07-09 09:41:13,crowded
TestReport391,8.590091,92.603452,2025-08-25 17:18:16,safe
TestReport392,13.995709,84.183573,2025-08-18 18:42:57,safe
TestReport393,18.118773,79.142686,2025-07-30 21:20:42,unlit
TestReport394,32.846023,82.761392,2025-07-15 06:05:52,safe
TestReport395,9.498694,93.445273,2025-08-15 03:40:48,unlit
TestReport396,9.846052,93.346021,2025-07-22 18:36:02,crowded
TestReport397,13.947555,69.777955,2025-07-23 03:00:39,incident
TestReport398,11.099558,94.061463,2025-08-31 12:11:59,incident
TestReport399,21.244237,72.488079,2025-07-22 11:47:12,crowded
TestReport400,32.027326,92.574,2025-07-10 23:52:28,safe
TestReport401,13.196898,72.666203,2025-08-08 16:11:03,safe
TestReport402,28.409237,69.082058,2025-07-11 01:46:41,safe
TestReport403,17.548728,87.274659,2025-08-18 00:58:46,crowded
TestReport404,18.44068,91.537203,2025-08-02 04:17:50,crowded
TestReport405,20.646533,89.355222,2025-08-31 08:09:17,unlit
TestReport406,28.855244,95.465059,2025-08-02 03:23:06,incident
TestReport407,24.831226,68.947706,2025-08-12 18:09:23,safe
TestReport408,25.092516,72.906609,2025-08-10 02:42:48,safe
TestReport409,17.774355,78.860405,2025-08-20 06:26:57,safe
TestReport410,30.487232,83.082694,2025-08-14 18:26:02,incident
TestReport411,20.99088,73.977863,2025-08-05 07:24:17,unlit
TestReport412,18.84508,86.748588,2025-08-13 01:43:14,crowded
TestReport413,8.501594,88.700531,2025-08-22 23:42:32,crowded
TestReport414,35.014648,68.073192,2025-08-20 16:17:45,safe
TestReport415,27.921774,82.824315,2025-07-12 04:10:54,safe
TestReport416,13.867084,79.068253,2025-07-24 09:24:22,crowded
TestReport417,35.423772,92.360918,2025-07-07 02:22:24,unlit
TestReport418,11.13084,71.812087,2025-08-18 13:05:52,incident
TestReport419,27.960419,87.742483,2025-08-23 18:54:03,unlit
TestReport420,8.925656,71.115434,2025-08-11 22:15:13,safe
TestReport421,21.86061,74.188867,2025-08-06 02:31:01,unlit
TestReport422,8.676288,87.190025,2025-07-10 20:41:38,crowded
TestReport423,31.357881,87.921274,2025-07-20 20:30:02,crowded
TestReport424,36.642824,75.349595,2025-07-13 04:44:54,incident
TestReport425,22.897321,94.456803,2025-07-07 21:40:20,incident
TestReport426,21.585326,76.743837,2025-09-01 08:24:03,crowded
TestReport427,31.806478,77.871194,2025-08-12 03:06:56,safe
TestReport428,15.595882,81.180002,2025-07-16 06:36:33,crowded
TestReport429,23.8425,76.18945,2025-07-21 08:39:27,unlit
TestReport430,13.350345,90.060004,2025-08-23 21:58:37,unlit
TestReport431,34.852718,93.798489,2025-07-14 08:29:19,crowded
TestReport432,27.364007,79.946677,2025-08-24 08:46:40,incident
TestReport433,23.925631,78.431344,2025-08-19 12:56:28,incident
TestReport434,13.993803,78.168484,2025-08-01 05:14:48,incident
TestReport435,23.858973,73.829266,2025-09-01 04:16:01,crowded
TestReport436,18.726305,76.069782,2025-08-26 10:26:02,unlit
TestReport437,33.107906,80.678724,2025-08-28 11:15:16,unlit
TestReport438,14.241454,82.628959,2025-07-20 23:27:32,crowded
TestReport439,18.639018,92.019468,2025-08-16 16:32:52,incident
TestReport440,10.641083,72.59656,2025-08-04 12:19:38,unlit
TestReport441,17.886725,83.359813,2025-08-13 00:27:29,incident
TestReport442,16.126534,81.490955,2025-07-07 05:22:42,unlit
TestReport443,24.221822,69.118661,2025-08-18 07:22:54,unlit
TestReport444,32.219035,85.603173,2025-07-30 03:13:12,incident
TestReport445,31.488912,72.893297,2025-07-19 21:54:51,unlit
TestReport446,11.684354,85.605567,2025-07-25 20:19:00,crowded
TestReport447,17.144152,74.729997,2025-08-09 01:41:11,safe
TestReport448,11.301682,81.566117,2025-08-03 14:12:17,crowded
TestReport449,25.209501,94.58266,2025-08-01 19:35:50,unlit
TestReport450,33.880236,85.364448,2025-07-21 23:53:58,unlit
TestReport451,26.283138,93.783291,2025-07-06 06:16:27,safe
TestReport452,20.099786,69.015664,2025-08-27 10:35:17,incident
TestReport453,34.823324,89.318403,2025-07-08 13:10:03,crowded
TestReport454,29.33587,73.226114,2025-09-01 12:14:21,safe
TestReport455,8.636568,84.399252,2025-08-02 22:11:58,unlit
TestReport456,26.414464,83.659081,2025-08-31 22:10:17,incident
TestReport457,16.747881,82.892457,2025-08-04 14:35:59,unlit
TestReport458,9.523309,88.19356,2025-08-28 13:47:47,safe
TestReport459,36.502865,70.723495,2025-07-07 05:00:28,safe
TestReport460,24.745142,89.684885,2025-07-18 01:30:17,unlit
TestReport461,10.259519,91.88118,2025-07-09 20:28:22,unlit
TestReport462,25.611987,81.442693,2025-07-25 16:03:52,unlit
TestReport463,34.350703,82.705985,2025-07-16 03:14:23,safe
TestReport464,33.380613,79.608441,2025-08-24 20:27:25,crowded
TestReport465,22.183723,86.125067,2025-07-19 14:02:14,incident
TestReport466,29.473999,74.093993,2025-08-29 08:09:05,unlit
TestReport467,25.65152,78.336905,2025-08-08 19:55:43,safe
TestReport468,33.598286,82.932443,2025-07-24 06:42:44,safe
TestReport469,13.035603,91.267702,2025-09-01 17:25:02,crowded
TestReport470,27.069197,83.187397,2025-08-16 04:35:37,safe
TestReport471,13.277969,69.382017,2025-08-30 16:29:36,incident
TestReport472,31.178538,72.446342,2025-07-14 16:51:40,safe
TestReport473,19.66006,76.537889,2025-07-31 14:46:05,incident
TestReport474,27.640167,77.72018,2025-08-27 07:45:19,incident
TestReport475,15.279028,92.631828,2025-08-08 13:05:38,incident
TestReport476,16.160434,76.288086,2025-08-04 04:52:29,incident
TestReport477,25.865333,73.652229,2025-07-18 08:10:32,incident
TestReport478,36.332693,70.908408,2025-07-30 02:23:53,safe
TestReport479,11.294349,83.778946,2025-08-02 00:19:05,crowded
TestReport480,28.182101,76.76278,2025-07-22 01:14:33,crowded
TestReport481,24.715601,83.096947,2025-07-07 00:04:30,safe
TestReport482,30.727298,78.602561,2025-08-07 10:39:14,unlit
TestReport483,35.088282,93.333732,2025-07-13 02:33:38,unlit
TestReport484,25.212887,92.955071,2025-08-07 06:13:13,unlit
TestReport485,18.279359,89.364687,2025-08-25 08:27:36,crowded
TestReport486,13.051998,77.83465,2025-08-15 18:52:14,unlit
TestReport487,23.400478,83.985445,2025-07-28 06:00:14,crowded
TestReport488,36.166752,78.85953,2025-08-25 10:47:16,incident
TestReport489,29.434541,68.122638,2025-07-05 22:41:45,crowded
TestReport490,32.57373,95.71591,2025-08-09 01:26:14,unlit
TestReport491,16.695888,96.752832,2025-08-07 06:50:30,safe
TestReport492,15.975438,77.47707,2025-07-09 23:39:51,incident
TestReport493,24.350764,96.312173,2025-07-28 01:13:42,incident
TestReport494,27.791453,95.941516,2025-07-31 22:40:49,incident
TestReport495,30.779981,87.119837,2025-07-16 19:21:24,incident
TestReport496,19.641232,69.002347,2025-07-14 01:58:33,safe
TestReport497,8.483179,83.68766,2025-08-22 14:03:57,crowded
TestReport498,20.277093,92.86732,2025-08-31 17:52:30,crowded
TestReport499,34.951103,84.072072,2025-08-24 22:27:22,unlit
TestReport500,25.98429,82.511149,2025-08-17 04:11:08,unlit
